{
	"title" : "<h1 style='margin:10px;'>Scene Builder</h1>",
	"description" : "<hr width='90%'/><div style='margin-left:10px;margin-right:10px;'>Welcome to the DAZ Studio Scene Builder.  Please choose an option from each of the row(s) displayed below to begin building your scene.  Once you have made your selection, press the OK button in the bottom right corner to continue.</div><hr width='90%'/>",
	"choices" : [
		{
			"label": "<h2 style='margin:10px;'>Figure :</h2>",
			"none" : "No Figure",
			"files": [
				"/Scene Builder/Starter Essentials/Barefoot Dancer.duf",
				"/Scene Builder/Starter Essentials/Surfer Guy.duf",
				"/Scene Builder/Starter Essentials/Lumberjack.duf",
				"/Scene Builder/Starter Essentials/Pin Up.duf",
				"/Scene Builder/Starter Essentials/Super Girl.duf"
				],
			"default" : "/Scene Builder/Starter Essentials/Barefoot Dancer.duf"
		},
		{
			"label": "<h2 style='margin:10px;'>Lighting :</h2>",
			"none" : "Default Lighting",
			"files": [
				"/Scene Builder/Starter Essentials/Outdoor Patio Lights.duf",
				"/Scene Builder/Starter Essentials/Midnight Stroll Lights.duf",
				"/Scene Builder/Starter Essentials/Dusk Lights.duf",
				"/Scene Builder/Starter Essentials/Bright Moonlight Lights.duf"
				],
			"default" : "/Scene Builder/Starter Essentials/Outdoor Patio Lights.duf"
		},
		{
			"label": "<h2 style='margin:10px;'>Cameras :</h2>",
			"none" : "No Camera",
			"files": [
				"/Scene Builder/Starter Essentials/Full Body Camera.duf",
				"/Scene Builder/Starter Essentials/Full Body Camera Depth of Field.duf",
				"/Scene Builder/Starter Essentials/Close Up Camera.duf",
				"/Scene Builder/Starter Essentials/Close Up Camera Depth of Field.duf"
				],
			"default" : "/Scene Builder/Starter Essentials/Full Body Camera.duf"
		},
		{
			"label": "<h2 style='margin:10px;'>Environment :</h2>",
			"none" : "Empty Scene",
			"files": [
				"/Scene Builder/Starter Essentials/Shaded Haven.duf",
				"/Scene Builder/Starter Essentials/Surfer Guy Beach.duf",
				"/Scene Builder/Starter Essentials/Alchemy Chasm.duf",
				"/Scene Builder/Starter Essentials/Base Camp.duf",
				"/Scene Builder/Starter Essentials/Sci-Fi Level 19.duf"
				],
			"default" : "/Scene Builder/Starter Essentials/Shaded Haven.duf"
		}
	]
}